kfBXI,JGfr2QVF@gmail.com,18894685320
P7gfJ,VM5NwBAi@126.com,15842689713
ux09d,nCOHVsTB@shou.com,13609467583
h1eAD,yDeWgZzK@gmail.com,13605473621
yqDrm,oABeuhnf@126.com,13697425083
GiSrj,J4WouYAL@sina.com,15182367405
crfax,k8HU2Rd7@qq.com,15171068529
5rmeC,yGmejlFW@sina.com,15124598307
lgLbq,z30C2VY4@yahoo.com,15851867093
R5c1A,WMxBF5vQ@shou.com,13651936872
ilXfv,kpQ1mx0E@sina.com,15835082947
kiymH,3dzByjMs@yahoo.com,15186241579
en7bG,pSlYRqOu@163.com,18518534926
oFVGY,Nx61Yvba@163.com,15125498617
eQY53,AI3jObJP@qq.com,13987140659
TKYEB,m1L68H3J@163.com,13608295734
naeyg,2O45q7WM@sina.com,18804915726
g0vFQ,amV5c8Ok@163.com,13958376409
f9tIU,zxjOYBhc@gmail.com,18869750438
jfgTe,68o53Zg7@shou.com,13962745931
mK0As,Kne85czk@shou.com,15805468391
0qeVx,OyCFBQ6W@shou.com,18583069271
Lis1b,nesWDxkh@126.com,13646823590
NDY8o,VrOA739L@sina.com,18854397012
CRr1I,j2uhHpWe@sina.com,18886351742
86FIg,z7vBIy3c@qq.com,13653826407
TrfA8,S63x1mGT@yahoo.com,15891638274
DsX17,L1ADpd8K@163.com,15851687243
5JbQq,TvStuZqs@shou.com,18529136485
E304F,uWezDLHP@126.com,13996173845
JXUbk,7cdAQ0pJ@sina.com,15871569328
T6Hdw,fyCjv2nF@sina.com,15849128756
4v38Y,hDLxc9f0@gmail.com,13931469250
bXe90,yflPHLwK@qq.com,13651894376
E3IR9,7camOnTl@qq.com,15873458690
rHyWi,dYZUaK59@qq.com,15147265089
Tl7k8,DWU9ij4H@126.com,15867802531
jMYyX,krd5fV0P@gmail.com,13951960283
zvyUx,4XRcChiO@yahoo.com,18829364158
rNjf8,3q1zX4bx@163.com,13658941027
FxtjD,s2bukCEA@sina.com,18504981367
v4mxU,HMPcJ4Vd@shou.com,15854726103
HY6BI,twZ8lO7g@gmail.com,13615049683
UQa3O,XEKikRjL@yahoo.com,15893602517
hozu2,NwqZJEOD@sina.com,15815029386
VN8pe,53tITyU8@126.com,18872596108
IMp69,U6aSfC42@qq.com,13964983170
hCqQ4,GlHX9tqE@126.com,13937289640
jRSkJ,wlpKUoRr@sina.com,15838624750
eu3DF,0zHEuKp9@126.com,15807159638
MSgRF,P9FOLK6V@163.com,13901586974
Q1yrA,8ELkiFSh@shou.com,15167205813
1K2m0,s9ypWf64@163.com,15848126073
b4MpX,Sr6JbI5E@163.com,13925763184
cKQvF,xvSg8KG2@163.com,13608239756
0o4KO,9RDiOeCK@shou.com,13694257601
EGPnL,EZepCN16@gmail.com,15820193765
JdjUL,ekQqnK52@yahoo.com,15847916823
vcTma,FUa283rO@gmail.com,15874205689
dD9Ta,g4HvNmZi@126.com,15124706918
fYehz,sTgzJAx0@gmail.com,13918502367
RZS7A,ZdaR8ifH@shou.com,18504385297
LVGdz,oJuXnI3L@qq.com,13994810567
ToAXK,vqFJLnRV@yahoo.com,18507561982
k6TcO,R7jxF3nG@126.com,13643895602
P0uZb,tz9hBYVf@yahoo.com,18859268310
8YDX5,B5CUSbcg@shou.com,18845879106
MmX2K,QelxD5od@qq.com,15839756041
rlX5u,hoRHJA2k@qq.com,15864092578
8qS2J,Ba6Ol432@163.com,18858074629
un4gM,ML6j1rGP@126.com,13640756938
T7gRX,7oZafnTL@126.com,13661543029
2NqMi,DvpGu2Im@sina.com,18580916734
JAYre,38FnHzPm@gmail.com,15845816739
fBZcO,f7dktWom@yahoo.com,15162107594
Wu1gB,KxEnTu67@163.com,18863409715
3Bgza,zX5sZH8n@163.com,13663714289
aLDrX,MyCjEnKc@gmail.com,13959036284
eR13Z,cYRwraQH@qq.com,15187304651
ndl6c,iq2WQj4O@qq.com,13950612843
Pn0or,QEM7teRi@126.com,18591827653
RVYau,xF3qcWya@gmail.com,13954308126
oMGA0,MG7st9Ip@shou.com,13931460528
9fSim,JaAuH3Z8@126.com,18829471058
LuCwz,JBoyhqZj@sina.com,18595480712
zWaYb,RT4wre0N@163.com,15124573610
GML4B,RY6GPW3z@163.com,15860573281
hEKfQ,V15Qi8ZI@163.com,15138012745
v0e8F,Bgu3i7Fw@126.com,13991283645
xLquI,NX1AZkyr@shou.com,18518936725
SD7JE,8fWMvKJi@gmail.com,18526417503
f3GHB,7NXVPda8@sina.com,13938724610
BDlcW,wmU5TgY6@shou.com,15863807124
MnpmW,KY9FfnlS@shou.com,13601798453
LjhqN,tfWo9ZVr@shou.com,15821530479
KR31b,uIRBdDGi@qq.com,18829647053
8EyIY,BpeoitmA@qq.com,15119342750
RGYxf,fBokqYZ6@gmail.com,13998560312
lrAT9,8Yl1gtR6@163.com,18553872046
oum0N,a2rlYAh3@shou.com,18550791632
1W4FC,kUXKRADE@gmail.com,15148130657
NZSam,rcfJXsV7@126.com,13978041935
9RSrM,hupKnsX8@yahoo.com,15130517649
8ygFr,Nl6nBmtU@163.com,18839602745
PAfXx,nMIC6Kxh@yahoo.com,13912074639
YIDb9,Fmy9gJWi@126.com,15168057392
udYrn,CpGAtalm@yahoo.com,13638401526
b1XzR,fyBODv6h@shou.com,15815394826
M8CYG,W91Acg6D@shou.com,13615274936
EdqV6,Gu1oAp3E@gmail.com,15121536974
Mr5Kf,wTSZGHrp@gmail.com,18580976425
zeiHn,rvG7l5kP@163.com,18558069132
CedyY,qHAFtMwh@yahoo.com,15870193684
T4ROZ,Byl6X2eu@qq.com,13937406215
Rn5vW,EfVGYI8c@126.com,15131428590
XeH2J,eb3kSu84@126.com,18598741203
fb19o,WGVrOLTB@163.com,15834129805
BSjim,4C7BmEUy@qq.com,13637640812
vcGjm,K3bCRqPp@163.com,15194725360
XShxY,ECjApuHd@gmail.com,15881302765
JvrUz,Qqcfkhxt@qq.com,15876318042
5VxNl,geuzCL5S@sina.com,13642986135
W5ukJ,TwMDE38G@yahoo.com,18803214967
f5YGk,bokCmxzP@gmail.com,13927568394
nIqGX,jDzfMy3W@gmail.com,13943087126
HQlF6,8FD16gjl@gmail.com,18503849657
C1gTf,usy4RYg1@163.com,13947210936
yI5Rj,xAyZgmWr@sina.com,15818024965
k6JvL,DhAs0UMr@qq.com,18510563789
jqXol,AM4irON8@163.com,13612984653
TEzJm,lgpmOrED@yahoo.com,18826850139
ocBQg,7oqzJVGR@163.com,18829413507
foeZU,oKIYmb0M@gmail.com,13602543981
9uFQj,lJMwy2xh@163.com,13935714890
j3zeX,AxNKkfJu@126.com,18567032984
PkZIs,KFQpzkv4@gmail.com,13948937256
7oAle,rKB52tAF@163.com,18558462709
hw65n,zXGbY9jA@gmail.com,15130951846
7Nvrf,EGfs1lij@shou.com,13987296135
8CQn2,8ztmcgq5@163.com,15171950436
9z6YR,Hj5zQ1sA@126.com,15873025649
agWmy,Gir3Z4sa@163.com,18851287093
5KR0b,hFyPHbsA@163.com,18548629713
02sU1,AMiyVIPl@shou.com,13982453197
k9Wfi,mw7VjEU2@126.com,18542517896
wnHf7,gD4qYMPu@163.com,15819548302
dkiNm,7BSpzFd2@shou.com,13641507892
xphyN,yhf41H8P@qq.com,15116297430
ZJtMv,K9TeD0Cu@sina.com,15820583461
vUupr,5S1Mm7DO@yahoo.com,13626593148
0WFfT,PbQngkMe@gmail.com,18582069154
Rh45d,IvleHGyT@sina.com,18897138650
IBU0Z,iRULoMVv@sina.com,18882549163
RP1H9,PGiWracg@sina.com,18526439107
fZe97,V1XI7Bif@gmail.com,15851094672
2t30a,H4WXG8gU@shou.com,18867514398
MtRr8,5DXmpgBh@yahoo.com,15103749618
YCUZd,SY5tRQAg@126.com,15180347921
tE8do,wxU56IpL@126.com,18847189032
gdjKw,ryZjVGce@sina.com,13930481965
KDTNV,wJMplXRQ@163.com,13993478506
TyCpL,PRNFOj2w@qq.com,13642385091
3uMgk,xlf5Zoqv@126.com,15165739084
YZwxz,CQesguRd@qq.com,15147960538
6s8lj,8bKnUj4s@qq.com,15192153086
kgsHb,CpQteqxm@163.com,15826381594
MEnZK,PSxmT6Fr@shou.com,15880235479
kaTo1,4QLAk1Ir@163.com,13696835127
ldISu,Cny0Dr1S@shou.com,13967439285
nJeTh,j3m48GPL@sina.com,15186729035
Zbi7y,Bx93GFJy@shou.com,13632907415
Uz87t,iAX4Wl0b@qq.com,15842860139
gZjMp,tnR9IQra@yahoo.com,15160829753
JqaZy,fOHGpBv9@163.com,13929153048
URkEX,ceObFfCq@yahoo.com,13901476835
zymnX,1DxaXQYt@qq.com,13681036954
Mrfbj,nlbmM8g3@qq.com,13990123478
9J16s,BHdzIM7T@yahoo.com,13920648395
zeU6c,iQB1Sekf@163.com,13938691720
bDW3J,Y0aOmXC7@qq.com,18837608452
v0Ea9,sea2JOfR@sina.com,18541765290
WkqZ2,iYKSsEeU@gmail.com,15135094781
LjuxB,r1tCL23j@qq.com,15805846317
MTLcA,CF5cDWrU@qq.com,18806258937
oLrBl,IHcb8B2L@shou.com,15194367810
sCZnK,O4xzN3m8@shou.com,15816935427
7LtCp,Dg4OKoBy@gmail.com,15148716593
x07AE,pdiDIscO@126.com,15830928675
EqeCn,Gls2Km7f@yahoo.com,13981946350
HSm4v,zL8Ke9Id@yahoo.com,13930125974
CjPZw,dJtyn12j@sina.com,18564852301
tKjkA,jSbOecy5@gmail.com,15887430152
dLIoZ,yKW8Gbx2@shou.com,18545089237
Tm6ol,GCLKUm31@163.com,18592350417
KchYH,Y9sGzLfN@shou.com,13601468275
GEMpd,PxmzI2RZ@yahoo.com,15831806257
Lyhr1,DkMnisAU@sina.com,18894216375
Wd4Ka,T4UA6eJb@gmail.com,13996815072
t2eK0,TQyK6YRF@gmail.com,15814837690
vkmf4,v28WnNJE@qq.com,18532908456
iOW86,emN9PRzM@shou.com,15139762845
h6JEN,O5zPAKwq@yahoo.com,15865740128
xo4cj,gwA9JFHr@sina.com,13914758906
K8a4e,tyc2TrdR@sina.com,15125460873
Q10zh,WY0j2aGO@126.com,15112364079
d7UCe,OG3Xxykm@yahoo.com,15107529843
ob6DM,KdLUFNAr@126.com,15863489750
pIdk2,TlJqPopu@shou.com,15814937025
9RjnC,lJsFEcfT@gmail.com,13991378524
DZHuU,MXEZB4cD@126.com,18884352906
yHSYj,TJpS1WK9@shou.com,18557693104
4veuX,p6nL0gEl@yahoo.com,13903675294
JgPUT,VmY2FzPG@shou.com,18537204698
mCnu8,2RBKr5hF@yahoo.com,18557089624
BVpSs,4ckpo7vj@shou.com,15167283549
CLNPv,PkbKdgYO@shou.com,18549052318
pfRJL,2m8Kxo0k@shou.com,18542835690
P7AEl,ZkDoMH4z@shou.com,18892503748
vSXL8,t5qweTLs@shou.com,18507536142
lGwuz,6jChyqaR@yahoo.com,18813980476
Sje9F,qxpciA0j@yahoo.com,18535728601
Pve8y,X8Rexgkf@qq.com,15121857634
vQ0za,5FavqLOe@qq.com,18846235980
a4nkF,GBuZsdmF@shou.com,18856870249
sM9WA,zUbMsjPe@126.com,13684502169
4IaCZ,2M7JQLhw@126.com,13937296048
NjbRU,1yxrVSm3@qq.com,13683421579
ka1eB,szFZ2UVh@qq.com,15898173560
lEiAf,Kc9C4tTX@yahoo.com,13689072156
eLtCl,yKUei2Gw@126.com,18841769083
jygQU,H5PfxhTn@shou.com,15117084253
9OWHX,uA5R4apK@yahoo.com,15180976514
7X31S,JHXVj9xp@yahoo.com,13909126738
JNzix,XDAlBFvS@shou.com,13953610274
o8PCS,exuoDN3K@gmail.com,13686415370
sHIOv,cJ59Vaj1@126.com,18878541230
JYHVl,eWlzUmKY@yahoo.com,13970528439
bRHz9,bh7v6wVa@yahoo.com,15802576941
Pu2xz,YoAtvGSx@shou.com,15849602387
8VJS5,1nkvZlK6@gmail.com,15805386974
76UbY,Pkw3RHUg@sina.com,13989564370
wIqlM,jQyNRUKE@126.com,13610849762
mLJ2j,cAFZltbx@sina.com,18856903742
78lZ2,UIuxrc7F@gmail.com,13901682957
Uj3Bp,9gf8GZ3L@qq.com,18513268975
9NTdc,O6f8RTMy@yahoo.com,18539415682
7yMGO,6MsgmIru@sina.com,15831027986
BsO2Y,aIkB3RNz@sina.com,18837456908
MKBuJ,2jNbU90t@126.com,18583250941
jvx91,1qI0AXVE@126.com,13661934587
FCnt5,FrluTLwd@qq.com,18583745629
UzOD4,utfLm0zY@126.com,18831652708
eVkKC,OZc1GrIg@gmail.com,18504356872
ovhx7,FzYHUEce@qq.com,13645169038
XO4PT,eXQvpA5h@qq.com,15854093261
4zDjH,aCGWfNus@126.com,18568530794
T36UP,aw648pxd@qq.com,15836952801
a5npx,bz3ZEq7M@163.com,18867481592
tMK5L,cxnv9ib1@sina.com,13994578362
UVekh,s4xEiZh5@sina.com,13903967814
6gZCj,MnT6Fsf7@163.com,13618097265
jrnOW,e9517OTn@126.com,15130265791
mFQ3f,oQRiWCBM@shou.com,15142516307
ulVRU,DXl3EBVx@163.com,18584673102
x62Up,6eYLGv8h@qq.com,13647853610
0OZrc,UL5oMX4x@sina.com,15157903682
sfpAw,wXdnxt87@163.com,18516094578
VmskF,C3A8v05m@qq.com,18867458219
z4ig7,gTSnxN1H@sina.com,15170935184
jsnyo,g4tW8jow@shou.com,18569428317
YTk6u,XDoUGHkR@163.com,18835169748
2eHq4,PjQfds3t@163.com,13932795860
JPiSx,VNj805bz@163.com,15874916852
e8UZh,5Xlv86iy@sina.com,13689651043
uxVrL,BYewONsc@163.com,18597634582
Atgnf,v5Cny62j@yahoo.com,13910723649
fEbwy,1WOtE4uB@yahoo.com,18809728513
3Jdnl,6sZkqcOy@shou.com,13963194802
VWfj6,bKcACZME@sina.com,15814207986
ZJxRz,Jws8jCd4@126.com,18839204175
IlowX,snvyzxVd@yahoo.com,18898510236
8ODh1,x2gVhIfF@163.com,13625748136
zZ9Ka,0vEmRztL@sina.com,15153140962
s6NK9,JIk82MwW@gmail.com,18834159068
OPKbU,JXFhqL4y@126.com,15871264835
5tOAc,YbagCcVK@163.com,18805419637
OF3bP,yjExAO3D@gmail.com,13987635902
l0Enu,Z6tl20TS@shou.com,18552679430
im4uU,UQNI4j2s@qq.com,18526571384
rkGiM,lYm7PwMx@sina.com,13915362409
w04DB,tZzyFLBi@yahoo.com,13935289671
lDqZw,WPtTevd6@gmail.com,13992480635
kmnJw,KA7pVWJw@yahoo.com,13975069238
QPVhN,JlF8a0kD@sina.com,13691708643
CpV1H,eKxnGshd@163.com,13662190573
UzrON,Sb62YOoR@126.com,13987510923
IToVr,SjEHRYFL@sina.com,13626749580
cEboJ,NpCGLIuS@126.com,13618792605
f8cYA,gdjBoVL5@yahoo.com,13678562041
UFnmi,kxzbGS0H@126.com,15843802975
mHLfM,gmKjJcMp@163.com,18841652379
UipEr,YivKHC2J@sina.com,18520468395
gHEhZ,I7QldcbO@yahoo.com,15187290316
qIGxC,fJISM5cW@shou.com,15886740395
Br3zb,YzBfosdw@shou.com,18881972604
7UBwe,KwYaIgbX@sina.com,18514802675
eM5pg,2TgW5oBD@126.com,15151729406
Zjl58,BFRh4N2f@qq.com,18564572983
GY8tb,FH91TE4M@163.com,15195432076
tQyJ8,ZtwkBfe5@yahoo.com,18841697853
n3NOQ,2otYgVx9@163.com,18523794106
gpR6G,CwuJ9p7h@sina.com,13930412956
kKpA3,FCYha7AI@sina.com,13621075634
yVHue,6Kny8Ix5@gmail.com,15861970853
bSExd,v8yWLmPS@sina.com,15832410958
igMcE,xmtOyWpV@126.com,15824567839
2cGXZ,6cSdqUW3@126.com,18501479826
yT2Do,ITXcB4Lv@yahoo.com,13936879512
tEYsW,kFxemMgc@yahoo.com,13904367295
uzFgZ,mqMlfJLr@sina.com,18865183742
RIzl1,rv7dWIcw@sina.com,18841793850
3efrD,EysPb57V@yahoo.com,15850413876
a6XFn,fi8nw1X9@163.com,15152031967
UtnEZ,lRatdqWP@qq.com,18560918273
VuhA5,enIXdYsT@yahoo.com,13926138705
7pD4L,csXCzyIl@sina.com,18513570426
2QvYt,V85JD7Cm@shou.com,13659786403
jWTIl,pBPVW47E@qq.com,15197236854
WLq8X,NyjJg4Kx@qq.com,15842901683
0muv7,mai3Ftcy@126.com,18848017925
74UN9,veNhJWYL@126.com,15819567382
I5Y4f,Si6p23Ey@shou.com,15858310294
1GLRF,dpgbDs60@qq.com,18861329548
B1fXd,7q3e4ixC@126.com,18824680739
nIVHq,iHb4tv9q@gmail.com,13915067249
KnqvE,Fa0ZDxPA@yahoo.com,13678294106
3jE5V,X9Ca6EKy@163.com,15163489570
bBqe2,dMt8yOJF@126.com,18804132867
jVudi,9bMUFlKm@163.com,13614087936
y7Dkf,Hc4IPZKY@126.com,13609257138
H5jmN,Z9eUBqsR@yahoo.com,13654869037
Ntq4V,Tc6BtDki@qq.com,18870185246
pqxbH,oj1Fvg5k@gmail.com,13914352876
2EyuN,LPNBiQzI@yahoo.com,15181097345
TqrbH,LZrRobjM@gmail.com,13937254896
5uFUX,sZDUvbfa@163.com,15816029835
fY7FW,F7TvW5VD@shou.com,18581709452
5zBYm,G7dknKWN@163.com,13927341685
WUiu5,To5J1GvB@qq.com,18592837014
nbvcZ,1wRG6Anq@sina.com,13908396712
hpbUS,YFfdTXVS@sina.com,13925197084
XeMiU,xcK97A4e@sina.com,15859470316
z6tkc,e50FfCAy@qq.com,15138496705
6MsrJ,7SzxIRNU@shou.com,13950138964
98bVP,LxzvcUeK@qq.com,13935826749
F46NM,sfUGJVWh@163.com,18580472659
Yob5W,PVZ8pWqu@qq.com,15121639580
UoTLD,9Cao8piZ@sina.com,18553819470
Vvj9L,sFYD9KN8@163.com,13617240853
t3Epk,pTCr81gf@163.com,15179124360
RTq6j,mM6URxB5@qq.com,13947320169
L4nRu,D9CliS0I@163.com,18863209418
vVoHX,EnC2Kmj7@yahoo.com,13906174892
LUtG9,8ptam57D@126.com,13623947508
5eJHI,jr2wRX01@163.com,13659764321
P51nO,fBJT3dS7@126.com,18804216758
ZNGWs,QRTxhoZB@yahoo.com,13973648510
jWRgf,aq9BEOtb@126.com,13686503249
yLm3t,uCvZH0et@163.com,18816802394
FYX8l,K4zNFTRI@sina.com,18548762953
u4fKv,RBMIfH3D@126.com,15189613547
g5H2P,Nv17Eikc@sina.com,18805624931
h8bUS,ygp31qzc@shou.com,15140215397
3DJkR,rumjSE6v@126.com,13650368149
1vC9f,Z1HnTdjw@qq.com,18871356482
dMP1y,GeCTvI7D@qq.com,18546083295
fjgQ2,RzNqX7xP@163.com,15870326985
Gxu0v,XZ2u4wJW@126.com,15826439157
CblHt,kEmcKJq2@126.com,15118927430
Imden,tGlBiOYA@qq.com,15846923871
Z5vY9,oBU0GlvJ@sina.com,13981653749
34evq,ChsQ7FWb@shou.com,18889254160
svZBP,YNrPI6zM@shou.com,15184130972
gZ1VX,ixBDKHWc@163.com,18891327804
DGJVW,5DuPCXyc@163.com,15196471850
vYGuk,ksW8bQrY@shou.com,13901523749
atdiq,m5ARWFtV@126.com,15824389160
4MnFx,xeMYCok6@qq.com,18593702564
7wvyC,uHXQoYRZ@sina.com,13650927816
MK20J,AsYFlmMf@shou.com,15101298465
u6Czf,JspGitOX@qq.com,18803264895
RrZME,wK4N9VXk@gmail.com,13947695318
xyphV,Ow8Ao4Yz@shou.com,13913685472
MHuhA,ihH2UN3e@yahoo.com,15171928504
eqtVn,OLtXjIRT@shou.com,15873641508
RsKlt,GtIfzElm@qq.com,18524903516
iom9W,9ZWadh7y@shou.com,15825491680
eCEDw,g0xIkGCh@sina.com,13954618237
T9u5o,Lm1uKJCn@126.com,18826950487
GIODd,LtZnpye2@shou.com,13689431706
ygCxK,7FDM0bCT@qq.com,18863120487
UZkWE,alZWwDF5@shou.com,15114398702
NkM2J,36gzJav2@sina.com,15864083752
siHDy,UCo4IbtS@126.com,18540879621
kBYGJ,JKw5mVtz@126.com,15850824716
fCTYQ,YmksQq1J@163.com,18836547021
PHN1Q,0YktC7wU@qq.com,15874635210
hvL2B,x4GrHF2B@gmail.com,15898016543
63x7Y,5ki3xz4h@gmail.com,18576385924
gU0zh,lPzMbDp6@gmail.com,15863079852
0q4Hf,9vWsTyct@shou.com,18572935481
bUfxP,RUIWHlqx@qq.com,13650283769
6RfGu,OTYbDMp3@yahoo.com,18516935247
HR9yK,blsJZnSg@shou.com,15832160879
kaZPB,J4fkyWSN@163.com,18857964102
he4OH,Gbj3n2cm@163.com,13970528431
QaLAk,iKu1W0Fk@yahoo.com,13664802975
9KYAI,KwEprYld@126.com,18826037948
5gwG1,hWJUoKi3@qq.com,15815647328
tRIC5,XCrGBO1e@yahoo.com,15107825943
40IOl,xFqTK9gI@163.com,13929186407
hUMpe,ngxYlC8z@yahoo.com,18503729461
XHZbt,NpLoPHWv@126.com,13698410265
2NgjK,BKDTLokN@sina.com,13984271936
gRpiT,SWP6QhA5@gmail.com,13994307286
Jzxa6,DCrhd4eO@126.com,15131205697
Z175A,NY1ylFge@126.com,18882359670
QClnS,c8upa1AS@gmail.com,15175408316
xRmGd,hQ6KrSoH@gmail.com,13643750912
ClkJt,HCT5Wm1i@126.com,15106185429
J1pMw,ryHIvxZ5@gmail.com,18528019354
Caisd,FNAo40xK@yahoo.com,13952346098
O7inP,Z2qAPQCc@yahoo.com,13958961247
ynVA8,2bRBtXON@qq.com,15190643871
s6UQg,6fpcqsEr@qq.com,13939264810
s1KLD,6ENalm7k@shou.com,13615497283
TzZ3y,NhSWT9mU@yahoo.com,13610287963
akdEm,f1l5bvY8@sina.com,13640185396
vAFjm,zFey7bZS@163.com,13680473651
b1yNd,BwEyA2mg@yahoo.com,15838094671
w5Ba0,4lR1Kcwb@126.com,15894318620
dUQS0,2loHKkSF@qq.com,13906195372
ebuLI,miu9sI6U@shou.com,15863572491
kElhz,wSPftiAn@shou.com,13617489623
WrTGa,6hKMeyj1@163.com,18842185097
tCBvP,4DtTRFYy@126.com,15107854136
orfU8,wTZqeJdc@shou.com,15837598014
U3hLw,RjWksfmV@163.com,18561243589
wogKH,fx5zWJM7@163.com,18513462907
Julnc,FjV6p82d@yahoo.com,18547932516
agv6C,O3xo4NTB@qq.com,15110246738
zURLO,h0kgcj8l@sina.com,18869148023
TPK7D,0HJOBtFW@sina.com,15860138259
jFdDn,Gixg5Osz@yahoo.com,18865741028
koj0m,qIzDuvKE@qq.com,13941057286
cQuvG,zwTyjuAg@gmail.com,18858267193
aiqob,CDqz34lE@qq.com,15108326471
qiAVm,mpockjeB@yahoo.com,13657620149
7QVSJ,PEwqMgzh@qq.com,15803267419
WpPYr,dZ56M4bT@126.com,18875082149
2XNfY,5aGTvF6g@126.com,13671804692
4MDXR,8oi0Oenr@126.com,13696503178
1bz90,iMfErQ7O@gmail.com,15840518726
8Rw9F,1vFTHhfn@gmail.com,18505793618
g0VhJ,SzCF9Pp6@shou.com,13934182596
dRFwA,vEuzk8tl@126.com,13676059381
ODEgr,0HwJS57q@sina.com,18541602759
hZsOA,PHoihU1e@yahoo.com,18505267489
qfCgj,V89wSagE@sina.com,18884391260
El8zX,AILUNkqf@yahoo.com,18561470258
tLKda,G3V8X7yH@sina.com,13937608425
XnwAO,AJ9pmq2a@yahoo.com,18539517026
pVnKW,kN7Bvg2A@qq.com,13974560129
pUn0j,ES6ysewB@shou.com,13941872350
nHqCx,HFpmAQnI@163.com,15173540826
i8mXv,kcSO8uly@163.com,15861049578
lFUZv,DQPn40EJ@qq.com,18875421930
POJD9,Dl0Ux6Mw@shou.com,18565413028
28tDB,FNPZGEC9@shou.com,15805789236
HOv7z,UOrpEYy6@yahoo.com,13683279160
eXrWh,1YDyLne5@163.com,18531206975
zLn1X,r85sqSWi@163.com,13656947130
xr0PF,yn97i8t4@shou.com,18565147320
1eI2R,CaHcmTlP@126.com,13954206783
OIRTP,ozOcExqy@gmail.com,18520319846
iBqYk,lxtS8rDR@sina.com,13632741980
Hfp3n,SVHUMx5C@qq.com,18846987231
Ld9qN,HYu7q9AD@shou.com,15874290386
eovS7,MGoX5Zzh@qq.com,13636179420
OzQr3,SkFRvx7d@yahoo.com,15832950186
GDqv5,oTN2kP1R@126.com,18563958271
c1FDU,f2wYDu5y@126.com,18517546829
vxPYy,DFz6wVgN@shou.com,15124805613
gZbUB,8oSUELjO@126.com,18597281340
aFDhn,24hrKwl3@126.com,18882064731
ynNXm,568ZmwjB@yahoo.com,15836720159
ohCNB,5gSovYBU@sina.com,15805217364
iWvCb,YU9MgH3I@163.com,15150143892
PxF8O,W29VHl0L@yahoo.com,15112349057
4gs2a,dYKU2ngC@sina.com,13691835402
4AiZh,rgb2sV8a@126.com,15893217865
xN9ni,52VNpdOf@126.com,18874213850
hajMl,USG8hmjv@126.com,18585671329
OYVUK,p3qVmSNF@sina.com,15180192745
Nec9a,qEfSmHRX@qq.com,13616784029
mrSg2,MZqjCUKc@qq.com,15184075921
x2yzM,N9oRZTxB@gmail.com,15894168703
qj8U9,fz1SF0jn@yahoo.com,13613970854
ce3GF,fXnvOYWD@shou.com,15173605129
Wr7RS,ImZy4dg9@gmail.com,13927049856
QuTgz,OdTtHEe9@gmail.com,18849867513
CTdjW,xi3fbnG6@yahoo.com,15891478062
eNHnY,iH3BXbag@qq.com,13982305697
dvlyA,reCPW657@126.com,18879805642
RpqX3,b3gvJUf0@163.com,18801352948
YJTcW,REd0yIOj@sina.com,13668310475
NBFjq,VlbUcoqR@163.com,18805391762
LJkX9,Y3WBNvEc@qq.com,15803146782
gruPD,gt3dO759@sina.com,13660829743
iwUbv,4PSrsajZ@qq.com,15179084256
V8J9l,r5oEWsnw@126.com,13649538076
jDTQe,i6kuW4Dp@sina.com,15170289436
ToMiu,6JbWUvpN@163.com,18583920741
tmYaQ,LBunztAd@sina.com,13650963748
orjPA,2NzlmVbq@shou.com,15134908761
X5HNC,2TE7vZuL@163.com,15847956382
W5Xa7,UgycQr9q@gmail.com,15108697142
TG3bY,MGj7aptw@qq.com,15108267314
1NnIq,2FCWkPXB@126.com,13948261957
5kYDp,VPc5LFY8@yahoo.com,18578206534
QoR1A,eE9U7bzF@qq.com,13695780243
adbTm,LOiV4E5W@126.com,13964709812
Xe9lk,V3n6pLHX@shou.com,15898401372
jyrCU,WCxkaLwK@qq.com,13941385092
Aogs1,41QNsCYr@163.com,13980964137
PzGNO,wEcJOjel@qq.com,13957140968
zU9L4,TRxb15ZJ@163.com,13648275691
WEFIw,rzKs3iRJ@163.com,15138592670
f6WLt,yljdAInQ@163.com,15171943208
hduGV,yprGcz54@yahoo.com,18561048725
bK7r9,QOuYfhDt@qq.com,13631654208
OpdsM,rsVLPZgA@sina.com,15846532708
jWQYf,Qy2Fux7m@sina.com,15886549173
yqukX,5FILA93q@126.com,15129851706
8MEsZ,4U0Jolf1@gmail.com,13941578309
9xKYL,rv0HZL3A@sina.com,13626904731
cT5CB,ChyI9rSu@gmail.com,13620589631
QkEvZ,GcYbj7LK@126.com,18861425908
l3NyQ,ainklboc@126.com,13946713805
WcK3D,5hnmEX1P@gmail.com,18828136790
sB03j,f7CSBQGW@qq.com,15105293468
MlJO7,5athusRm@yahoo.com,15113987540
ROFV7,RJujhEpD@126.com,13664195723
RpyoQ,CrY8TxQS@163.com,18865471289
JxH3I,YUjt1xNP@126.com,13926185037
xFb3a,yUM8EtBQ@shou.com,13657436810
SsFUT,muEvFhRt@126.com,18819468327
bPhG9,pCPj5mMe@126.com,13658932074
epigm,XLNn1qld@yahoo.com,13687105249
QNlhc,GxOIFdXp@qq.com,18574382195
jryfb,3V2Mqb95@126.com,13651809746
LRSe4,nkbr3iYd@qq.com,13964528019
LObsF,D1h4xps9@gmail.com,13626537904
qspit,ektxpF3w@sina.com,13931587942
ot6BA,stOnl8wG@163.com,13924960185
zjys6,helRjz1I@sina.com,15192053417
SdnE7,ecAb70Ra@gmail.com,18825108496
GCHVL,HRFjlXcy@gmail.com,18845306279
mv9qe,HJdYuSqP@126.com,15889731564
v3UZF,0pidoFkB@sina.com,18893467810
jrYqo,6KbFLR7l@gmail.com,15889602573
EKh6W,avshz5Ww@yahoo.com,13941085796
nxjvP,VY9DPwgk@163.com,18542603791
r5S14,5jD0Ay7r@shou.com,15174689035
6WRhr,mTUReszy@126.com,18548296013
Ivz1u,yIPbLAlS@shou.com,18501675248
fyLim,m5EYfIoq@126.com,18869015438
ZnhJc,rlqiXI2Y@gmail.com,18870849256
H4gWK,57EdKD0W@gmail.com,18821936840
sUmo5,53LC6IG7@sina.com,13642705619
wvnhP,NDnC81Rm@sina.com,13653216790
yQM7w,a9LYvQlI@sina.com,13646592837
0Sewx,YC4b6Qth@yahoo.com,13949501867
EheMF,gB9JO4wM@qq.com,13603297864
EIk3U,VbivI6kj@shou.com,15807428519
ScnyK,3iY5k9OR@163.com,13956738190
FJR25,LeETHY3p@126.com,13661890753
JLV9f,8Kt0pJXR@gmail.com,13927140536
jvC5M,douJABm0@gmail.com,13938621095
KZJ6c,Kmr2hcGR@yahoo.com,13935928164
W0gmS,FmsxSJXf@gmail.com,13937065981
YgOSc,IGPhezsl@sina.com,15164275139
BwR1d,ShFVHl7n@yahoo.com,13994802573
r8xXf,BzGw3DaN@gmail.com,18581475932
jl9fT,Qly1YBh4@gmail.com,13672608135
0obyn,J71pLBj4@qq.com,13668075492
4USrR,rNPp3EJC@163.com,13643791658
SJ2td,wdFqDueC@shou.com,15117520936
qTsCS,SsT7ox8Q@163.com,15182901346
s6TdW,cGyhkgSM@126.com,13664038592
MVBGK,scmP4QyM@yahoo.com,18516093745
tchFb,sv6pwWVa@shou.com,18586742501
Aicrn,3EOn6J1U@163.com,18865173289
NfEbT,o2g9DIek@163.com,13636842159
fGXEV,cRvqzEw9@163.com,18865147290
pWafP,iIhfNbmV@126.com,15814678530
uU7pJ,qE42fyZh@yahoo.com,18532168790
VY6jp,aNC58Y2V@qq.com,15147018639
H9s6j,rFBJ4IkH@shou.com,15183647519
QIhKH,RQShiXsB@163.com,18517253496
r1dgs,D0xe4ALI@gmail.com,13685197204
zIAQO,918BHpjO@gmail.com,15119325804
91jGx,DGUqtwFN@sina.com,13929841756
gujao,UYEu75fF@126.com,13625678109
OoIpy,6E89qwua@gmail.com,15150973682
1e2i9,0nYrm6sE@gmail.com,15819840625
GI90A,90FrQZEP@163.com,18815892047
kz6wf,Rh1KGY9f@gmail.com,13976218509
1IcYx,94JLcRSq@qq.com,13618346975
9OP6T,VFetRbdO@gmail.com,15174256193
XI5nE,VKPbgmhM@126.com,13605793681
7ZCEI,iHR3UYmr@163.com,15195036721
3mCJr,wBZTo8xa@163.com,15869731802
KMHjw,EmbV1UDT@163.com,13634201569
jTa8C,kgthx4Jc@163.com,18852147860
CbXYd,3S1u5zFJ@163.com,18827953148
IJkqZ,RozMWvs7@yahoo.com,18828401653
xs81h,qmnWNjVG@sina.com,13625849076
9Ql4n,5UMl3FdI@gmail.com,18836259018
SqdLG,HmcfEgCo@sina.com,15898752413
hGYnI,UiCG1VwZ@shou.com,15848526091
jMvnl,eK9tFQTg@yahoo.com,18518359046
2MjsS,E84C3mpt@sina.com,13960894135
ZqaTV,MO0k9LwW@126.com,13997634518
rKEcz,wIcTzFpZ@yahoo.com,13919650487
lZF9a,2KXepQLh@qq.com,18842785601
1lOMG,HCG18MTL@gmail.com,15835697081
sIgK8,qgIEnrv5@yahoo.com,18537082564
7uBCf,Pw9YiXql@yahoo.com,15838162704
mesW6,raB9JNfi@163.com,15189560321
6LMw4,KYzXpJ4a@gmail.com,18598610734
gNFL5,T1bc6Keo@qq.com,13991548602
C3DVg,tfaLJblY@163.com,13994817506
AtKxo,yuGHnagx@126.com,13938914026
r78Sm,LxKeAbyD@gmail.com,18805973821
9hUFm,mH04yAfb@163.com,18536249078
7Ite9,xW9BpvZD@sina.com,18584205197
xHMor,UIzG0Zvb@gmail.com,13623610587
PulbR,ndom5pBt@qq.com,13651960482
BWeqr,LlUgSjFG@shou.com,18596821304
isIbR,YCiTou05@yahoo.com,18813792605
DifXx,Yj43c5Vx@shou.com,13660841239
WJvt4,nca4VBIo@qq.com,15846907385
X5r21,8U2SomkK@163.com,13625143069
y0Fv6,LHtT4eOx@shou.com,18850487621
U9Cka,lwSaqhcY@163.com,18805746281
UMExg,K3EnN71H@163.com,13990761832
eKNB0,RQxnfLtm@sina.com,18521405986
l2dOU,qZ0furnQ@shou.com,15102193864
iwc2H,iR68m5vX@163.com,15170196243
B86W2,n2q49Cv3@shou.com,18534062179
JmkN9,EiaJYtWh@shou.com,13930827195
dU2fs,dn7sDgIw@gmail.com,15885146230
Qxvj7,oWxSAyE0@126.com,13664392051
nj5Lr,CfK21ZsM@gmail.com,18819567038
Hcpz0,6mnf4M0y@163.com,18537820516
WlnBL,lf5I7PFN@gmail.com,15858327049
GwVTg,NSm27wcO@163.com,13921380754
xQeGn,D1pLucY8@qq.com,15815038627
GCSeT,Evj2iuyl@126.com,13984296571
9Af1Y,71sLmA3q@yahoo.com,15898463517
4JgkM,jp4vCMcm@163.com,13941590682
LcsrP,CW40Funo@163.com,13680491357
vCaDR,TNBxwlAX@yahoo.com,13609564723
J6ByF,s5Swz0rC@yahoo.com,13694057618
tF3aH,UGvow9bQ@sina.com,15172631908
GmytR,8LytsHWn@163.com,18527460518
Ztg3W,QWVXrs6L@shou.com,13913506897
e5d9t,tiSDC5GL@yahoo.com,15852361890
uhN1q,Tips5eL7@gmail.com,15898125076
4RcqF,1P4IgDyw@shou.com,15894768530
lEQ3x,Dsg0YXZf@qq.com,18512649308
8q06s,jy1ZoVnF@shou.com,15112796405
hf6Tz,ptPnl9SF@shou.com,18581694572
rHQ2F,D0sn6uNk@yahoo.com,18598065412
aGMhn,zs1fKvB4@qq.com,13985014293
ymDT4,tlwsTM5f@qq.com,13671463208
4Spfh,neNgLw5h@gmail.com,15845906723
lI38M,mMJTaw90@qq.com,13695762830
j8gm5,pb7GlvcK@gmail.com,13912635890
Hzv3Y,B90pSo6d@gmail.com,15124309815
E2OFK,XGIApm3t@163.com,13608425639
vyEil,f0cOGujq@qq.com,18819057432
rgy8S,Bb7FYgAQ@sina.com,18526913485
IXnFO,Moi4qBQf@gmail.com,18526159704
GXKqa,emR1Xwyo@gmail.com,18562714905
OFkAZ,Xz51o3Vg@sina.com,13920519374
kvMDr,ar3j8nIT@163.com,18886240371
dfca8,HPuEB7cI@qq.com,18838972450
JbkEG,JtToZXYI@163.com,15129051764
g91SG,ishpZctX@126.com,18823568179
7nl6q,StLizTsv@163.com,15819578642
6jxhU,PpJhbqwI@qq.com,18505641289
ZlQYe,ng8bKAcD@yahoo.com,18564789021
WqTkO,eCuLDs2F@163.com,18549361750
9ukpL,mSNaW4sK@163.com,15809146528
JKpIV,oHl8qcBr@shou.com,13978035419
87MN5,bVXKRWDc@qq.com,13620384179
awPWx,MGFdIv3z@126.com,18590736824
j27uN,TfYdlwH6@yahoo.com,18887320695
vNkAH,9htqe5uB@163.com,15837214086
mq36w,sbCmo8Hr@gmail.com,18514350879
scfXh,N0f1ryeb@163.com,15880453917
OsbVa,ZEBNKnUh@qq.com,13627630189
xFjnE,wr6kmnHZ@163.com,13973240619
5BCKf,4gGbxyD5@126.com,18812059834
wlyGE,NRIghvpo@gmail.com,18865417902
Orbnq,zaipPD5J@qq.com,13602531946
zd4wf,w61TEoCZ@yahoo.com,15187249061
kDrx3,Skf5cxur@shou.com,15149021635
sUM2h,4kSgDxuF@126.com,18890612485
UJ9Br,1M6xCbJF@qq.com,18892751430
qSxLg,w27ICsuR@yahoo.com,18518472506
5ujTE,YlZDCswQ@163.com,18554139860
o2kZ8,qfse0NxL@yahoo.com,13645628093
4hgmr,Rm7q3efI@sina.com,15818350279
aAQVF,7k6jIK2R@shou.com,13978209645
fsRMG,Rjuw6hEl@163.com,13646579108
NzGp3,4PK0V6Dp@yahoo.com,13621538470
VsSJO,zCXjUDGe@yahoo.com,15846581073
PRs6w,8mIbtnKa@yahoo.com,15805741638
7K3YA,A0Mnw7E3@163.com,13693821607
rY8Ey,8Hrfwoxe@yahoo.com,15131872405
nCjbB,Ved1ui6B@shou.com,15106275143
XWDGq,NRcpW5BU@shou.com,15882690547
v3TFs,uCLihf5r@gmail.com,13608695431
WCk0M,a7Mxr8ZV@yahoo.com,13920359718
3lfa8,lpPEFkgf@yahoo.com,18587125609
eVJkj,sWjPI0JQ@163.com,18531927058
eswQx,PioWOmNT@shou.com,13654069718
cI5sE,9JNncUDp@qq.com,15835247068
UIxmy,k51yqmbP@qq.com,13913682904
CXxJN,T4a62Eg0@yahoo.com,15878940162
IwgKM,kFg1cRmt@qq.com,15841576802
bBkl9,sWVQqS3l@sina.com,13945802791
VCQaK,84oih3kl@qq.com,13964730298
YCyjJ,qFvAPlxH@126.com,18818479632
bMUnY,i9p1O7kb@shou.com,15873459186
3qLcF,vyqrsTW7@shou.com,15112378960
l14YJ,8XpKZ1TU@126.com,15845169027
iYInZ,OvUElVWk@qq.com,18598712546
oGEwk,Jo5AcH3L@126.com,15182450697
VmDnb,pjnYRguV@yahoo.com,15881497350
7HrzO,Pjn6cOot@yahoo.com,18503491685
E1yKD,JQXRzuDY@yahoo.com,18827143890
JUSy0,vOYzy3i6@gmail.com,13916743950
iAzNK,5Ueqz1rJ@sina.com,18513829567
0qNmu,5GvtYmsH@163.com,18583654720
AlrnN,gRwHZtkj@163.com,18586357290
Oe3AZ,koPuFsdZ@gmail.com,15895180764
JKCgU,v4Kpb5o1@sina.com,18565890324
UMFnp,sud2IcTN@yahoo.com,15897413508
Sq0f7,srxG5azt@yahoo.com,13997061285
VQ1Ya,coOXIkiU@yahoo.com,18585340291
8AJKY,nVat1Prg@qq.com,13947510382
YANPg,hfNWiuvF@163.com,15871569240
gPiq2,9NMtgfab@yahoo.com,13612540679
3q6BX,1A4erUE7@gmail.com,15186594321
0M3Qc,TJzfnHv2@gmail.com,13654193287
NDhis,4dU9q3QI@yahoo.com,13964028519
lu2y9,Mlu76WFY@sina.com,15840253179
zHSRc,hRJbyoiP@shou.com,18547986315
1aDcA,eCtQj8rW@yahoo.com,15828714390
K9npy,aGvZrfNl@yahoo.com,13656139742
MBoAn,mNU1iy4L@126.com,18889374260
iAfY3,Yf9hNQsK@shou.com,13686410792
HJ0Nj,FTcBM7zK@126.com,13670196482
OLU6x,ifmv49zj@163.com,15161290738
9jLrB,LjS75UWf@yahoo.com,13918932760
HO7TX,Vl4Sn5kG@sina.com,18857482096
ad3Sb,ep38IqCH@gmail.com,18521750946
QDon2,sp073vEi@qq.com,15812845397
ArYUJ,K7ENSHL2@sina.com,15894805327
HI2Oq,9fZnou7p@shou.com,18807598431
7szFq,ZBXGUxtu@126.com,13634190258
d79pA,72BjviqD@shou.com,18852369014
LIzle,DVSolv3A@shou.com,15185031249
hbZt7,aZS2Tkf5@163.com,15860523791
3t978,K1qF6JDU@sina.com,15804873165
GcTC1,BRHNQMyJ@126.com,15865032748
VUj0l,XtDgUqIT@gmail.com,18820867945
MuKeX,eItaKTls@163.com,18896274830
atZwI,vw8A2FpS@gmail.com,13976895014
s9nSx,718SomeN@qq.com,15165037421
wnf24,muOIPQsv@shou.com,13608963145
ji1Tk,hn0Mcd4a@qq.com,18856423781
Zm5x4,lk7S1Bqf@shou.com,15106549387
cZkiL,l3IJmgRV@163.com,15841032795
TUCj9,YcxZlgzm@sina.com,18858314062
yPTkQ,CpvtcYTW@gmail.com,13635082674
goc7A,PYD5zyug@126.com,18512974653
u52tn,xIf05Zk8@126.com,18826719804
2qhak,dNnCeXok@yahoo.com,15125718630
jd948,n0NVtHmb@qq.com,15863291578
m8Jtg,IVpq5F4c@163.com,13658634291
QXx2d,GARH01XJ@yahoo.com,13694507836
70vEV,owpHPl4f@126.com,13658497230
vYBl7,JVXN1mSx@163.com,18858096273
TrjnS,BWyFDinA@gmail.com,15859760384
mzLHp,gkMd1YlR@sina.com,15136741052
lfMvK,kxZtKOfb@yahoo.com,18842085973
2Chx7,ZVkGPA3g@yahoo.com,18558613049
nU8Tm,kG0v8FS5@163.com,13618293754
JCsOK,4uig0LHv@gmail.com,18882179356
8upcz,lraZzbGw@shou.com,13928761354
sDnft,eGvYrsQi@shou.com,18806189425
UQsMq,WsS61qkd@yahoo.com,18892638107
Gxi4B,AJxynK40@126.com,13974832106
xW2l4,gD4ofHcE@qq.com,18890516732
oDgvH,F85QcbLU@qq.com,13970614235
suzpc,zdhR7vHn@163.com,13605381276
kVHO1,LTESQ5DC@shou.com,18505467189
NtCLM,1tQx0kOg@gmail.com,18854371082
eP73a,KmwqQEjV@yahoo.com,18872580391
RKHiU,QcujHP0g@gmail.com,15836508294
hHN5o,bN8k1Yya@126.com,18836208749
vxQ7P,yxIegvtu@163.com,18849531780
8SoEO,3m1RYWSG@shou.com,15151827903
FRNjI,03Ug4nsb@sina.com,18825190483
wkaeg,HqlSy0ih@yahoo.com,13678019465
oAkd9,MX6i9gRk@sina.com,15131489657
O93ME,jLBX0zpq@126.com,13990481256
5XDrP,bQ0p54o6@yahoo.com,13930945678
kx397,kXrPcuWJ@sina.com,18565193248
rUiem,hoYLy0km@qq.com,13960857493
p0Wyu,h461BZGA@qq.com,18531289640
zRWJY,CcXUwRFp@sina.com,18842805967
uBmS4,6yp4KcD0@126.com,13604317892
ycDLV,cViCEFkA@yahoo.com,13642367159
GTAMy,961JSa3e@163.com,18579260145
ob5ns,0ARXuxzy@qq.com,13642368519
smxWS,g3Bf29iU@gmail.com,15886217543
3qlf4,U9shFgt6@gmail.com,15894760352
oyzDw,nNgHAGJh@gmail.com,13943015689
Sjx1r,Gq6h1EBJ@shou.com,18573148265
ISeyv,oPlSiWYb@qq.com,13936210594
vk4Uc,lwB9e45n@sina.com,18895714680
19l5K,QDoV2MFs@sina.com,15854701329
7HpDn,smkBrNeZ@gmail.com,15816534089
pZcot,Yq4TnxCy@shou.com,18849130562
PQi94,48uCgJP7@163.com,13661280594
ivAEb,thRmICZy@qq.com,15801795248
z97pl,Glfg8yuY@qq.com,15136028457
Wt14E,OyhId26t@yahoo.com,13675109342
wK3B1,3FfXTReH@126.com,13621897465
zHTOB,0zILwPSa@163.com,18850912637
EhNbQ,0kFiXS3U@126.com,18865209378
tMksu,6w3RkOWL@shou.com,15182503174
cI2jL,KqXaI4il@126.com,15126381470
grUaw,h7mXuWRA@shou.com,15103862941
nzahS,MoJSFBwP@163.com,13952138047
kKZz0,QPIMnFLi@shou.com,13957012389
lGKBC,FeNpkgAz@yahoo.com,13635614978
oYNbh,IYrTsp4O@sina.com,18596125480
ZhkFi,xhosGdC2@gmail.com,13668790142
bKJNI,kSwozenP@yahoo.com,13937408651
Wc4xD,IJhTfiXa@sina.com,18568041932
FkZwP,eVgJKnu5@gmail.com,18846152397
AH5Dq,MpWkcA7O@qq.com,13668412095
mScrU,TjWJGDam@qq.com,15102375849
XdFnR,5Sx2eJIk@sina.com,13930628541
yjZFe,N1hotlfg@gmail.com,18559148073
iwH14,xNwe6s4q@qq.com,15186953410
VHjcv,OGzYAfH4@yahoo.com,13623086517
dNoXT,0pvIFxZ7@gmail.com,13971346928
jL7HD,3nTyYvts@shou.com,13649230671
BLykw,57BIeRq2@163.com,15150729634
asTzP,qX3YTAIx@yahoo.com,13987540396
haPIQ,2FzSPXVw@sina.com,15129056817
XNtqd,mJFCNqhB@qq.com,15853674120
W2Ok7,ynLfczkp@sina.com,13903159846
hD5bQ,9K5r7Liz@sina.com,18804672138
MNXQC,orGBY3It@qq.com,18519570483
Plysj,Bg26vOHQ@163.com,13660514978
AFTth,YXbiZaA7@shou.com,15863518940
f2dG7,0lkQ635W@gmail.com,15875192346
SQf0i,l8HC5G2T@126.com,15182954031
27Aes,uWEz1LSG@qq.com,15893245817
hUnYC,E982fhgc@126.com,13669537480
snEOi,g1ySLqAn@163.com,18820153479
FbHZy,i5rCweBM@shou.com,15186513490
G6lEv,NuqrPTH3@gmail.com,18862849510
jGrTd,bfBP51SM@qq.com,13921567830
FLNHh,b9lO5Eig@qq.com,15882160437
eXnHG,eboKRkOg@163.com,13906843195
lPNbD,K4TpWMzP@gmail.com,18864987315
dnf8o,LIaieoPD@163.com,15840753182
NOcp7,xWw9z8Zn@163.com,15898374125
IxBVP,V39D4jAl@163.com,15841756289
uOSag,7lxQzgL9@yahoo.com,18578024536
Pxsd3,VqQ2bv0j@sina.com,18560174358
kjyCU,8KenlmIw@gmail.com,15186192574
ynh9P,Ri8zXA1P@qq.com,15823416807
QI0M2,mcXNH2Pz@shou.com,13928135069
CTfUj,phAVl79C@gmail.com,15889425706
PMGZ8,zIwV61Nc@yahoo.com,15142016875
nLXf0,bOV4Rsmd@qq.com,13624960513
JGiHS,60P9CtSj@yahoo.com,18897014835
SIfzO,QwcLDXzf@126.com,15190561287
d4Bjf,6FUJ9kXe@126.com,18885794310
J6bTn,pcVwZlzy@126.com,18848307126
l7Y3r,qu0wFKUD@qq.com,15192435018
fexCr,pL81if9C@qq.com,13669274518
CMDI3,BE7A1nv2@163.com,13920369754
xU2je,Tso1xZ4A@shou.com,15178941052
ciMaI,IXzQ2bSP@126.com,13974563201
61zZY,M8JmrtN2@sina.com,15152436871
wQAFW,jm2wq3bK@qq.com,15104816259
3vCbh,uIOnKTNo@gmail.com,15887561309
y3zpT,8ZCnpHK7@shou.com,13637968015
FoVwL,xMEX5ltY@yahoo.com,15112063497
Pk2sS,5mih9qFP@qq.com,13651324897
Sip8U,gjMkOclZ@gmail.com,13681952340
VHSbK,5mFtHX68@shou.com,18858291437
bDXvY,LMXRbq2v@gmail.com,15194256178
cvFa0,7TFixdnf@126.com,15137014698
vMumA,8NqZF6tI@qq.com,13639146208
crmVy,c1q6HU7P@163.com,13982743650
cNUq9,eH3nuZUm@qq.com,13990216875
V8rJh,OqlhugQw@yahoo.com,13634916208
vptCi,3tFoH7Na@shou.com,13638076491
eS2kw,ZcxQDI3a@qq.com,15147615982
rwmUa,6FUvqMlt@163.com,18557610482
dKPLp,cCz27Rrx@163.com,18508263791
m0lPY,afbiY80n@yahoo.com,18556032914
uEnjJ,rKtaqoBx@163.com,13612530684
SrB6t,pUnfa0V1@sina.com,15142138065
aF4qA,DTHENBf9@126.com,15891243568
j2wfX,8x71BYlW@yahoo.com,15114937286
JkuWy,Kyfx5U4D@163.com,18583264157
uczt5,i8MRehXF@sina.com,18549078356
Z5XPH,qjnDptvA@sina.com,15852903417
bcuwh,cOCpzMhd@yahoo.com,15845798012
ylVu1,YPR3vwHt@sina.com,15146789520
1uL56,XAu5SQmr@yahoo.com,18509726184
S6rIn,4iflgeRa@163.com,18593078512
2ONdL,qRoj50VZ@sina.com,15114820369
Y5v3r,74lRiFMd@yahoo.com,15176302459
01bhS,8FHlg25S@shou.com,18841659270
UkrhH,ka5mKWYC@qq.com,13905476321
aoPvQ,J4Bq10NU@163.com,13975180263
j6maY,eh7CIXwA@126.com,15129034761
Iw9x8,XNKI2Qcj@qq.com,18857941280
qBpOa,ehyLCBrv@qq.com,13605249371
uXWaG,CRjJ03Vs@sina.com,13929361850
0JfuB,491vSsqI@sina.com,18896203517
nPhFI,IAgfYQB3@qq.com,18810467829
7LOWF,XMRJvbOK@qq.com,15859124378
DkYLF,ThiSBLwa@163.com,13921709865
WaUpq,sHxXERDo@shou.com,18826349850
zphJi,oJZzeStk@sina.com,15802514693
4CBzc,YHEZ1Xmb@yahoo.com,13682759630
mRD9Z,z8IOSLqE@gmail.com,15814783029
X2xVo,l3WuXZIf@163.com,15186273154
E4Vwx,f1YU9gWN@yahoo.com,15871896435
5Y8uQ,zg3H12KF@126.com,18586514392
KXsj9,0qplidwm@shou.com,13691247380
8943k,Ji5B1LgQ@yahoo.com,15193248601
TslM6,D3UJ2TuG@163.com,18841578923
s2cgb,75VSciF2@shou.com,15119504327
vNlGZ,jXxftF4E@yahoo.com,18502941856
ChgMG,NAvduRgy@163.com,18578109564
ga7WI,hK4r5oAd@yahoo.com,18592768134
bRloF,uU6jaZ0r@yahoo.com,15847260895
T7wOd,9NiRD4JT@126.com,18816785209
EZRGK,xNLTK5YP@126.com,15163920785
0XIU4,lUEf2CHZ@163.com,13618745269
yEhXN,7yiG0Yt5@sina.com,13980153297
eES0m,Qi1vk80E@163.com,18818392740
pRK8G,x0lphE2k@qq.com,13962739408
IcQKO,EanX6ARN@163.com,13931075489
YMmv1,XB7POJCq@gmail.com,15158473901
his06,CSVd14Mm@126.com,15894167583
LDx2I,VvU4fDBN@gmail.com,13995861372
NyK51,paeLngU5@shou.com,13621469073
PCjVu,l5SdP9RH@yahoo.com,15102654789
SL1oR,XZK0LRF2@163.com,13694521837
IwZpS,eY2SgxEl@sina.com,13928017395
fSDq9,q8mCT5wc@sina.com,13980152634
DV7GQ,XHW0oLYw@sina.com,13617490638
CxSqg,0OWBdjoN@126.com,15174589126
5NW40,DatQbHRV@shou.com,13698650273
fSc8H,DlsuCT6W@shou.com,15810385462
xd8GB,A2RHnKqr@qq.com,13961847359
dftUZ,L1nJjHCe@qq.com,15847253910
7nB1A,kKHMBaQj@sina.com,18879534026
3Gi6M,Narjy4Df@163.com,18586324519
35UFh,3bDJfBRu@yahoo.com,18526740598
1BmNw,Q6O1kYRx@sina.com,18589304512
PaE3O,kucU10lB@qq.com,18551603892
